--
-- PostgreSQL database dump
--

-- Dumped from database version 15.3
-- Dumped by pg_dump version 15.3

SET statement_timeout = 0;
SET lock_timeout = 0;
SET idle_in_transaction_session_timeout = 0;
SET client_encoding = 'UTF8';
SET standard_conforming_strings = on;
SELECT pg_catalog.set_config('search_path', '', false);
SET check_function_bodies = false;
SET xmloption = content;
SET client_min_messages = warning;
SET row_security = off;

SET default_tablespace = '';

SET default_table_access_method = heap;

--
-- Name: auth_group; Type: TABLE; Schema: public; Owner: alejo
--

CREATE TABLE public.auth_group (
    id integer NOT NULL,
    name character varying(150) NOT NULL
);


ALTER TABLE public.auth_group OWNER TO alejo;

--
-- Name: auth_group_id_seq; Type: SEQUENCE; Schema: public; Owner: alejo
--

ALTER TABLE public.auth_group ALTER COLUMN id ADD GENERATED BY DEFAULT AS IDENTITY (
    SEQUENCE NAME public.auth_group_id_seq
    START WITH 1
    INCREMENT BY 1
    NO MINVALUE
    NO MAXVALUE
    CACHE 1
);


--
-- Name: auth_group_permissions; Type: TABLE; Schema: public; Owner: alejo
--

CREATE TABLE public.auth_group_permissions (
    id bigint NOT NULL,
    group_id integer NOT NULL,
    permission_id integer NOT NULL
);


ALTER TABLE public.auth_group_permissions OWNER TO alejo;

--
-- Name: auth_group_permissions_id_seq; Type: SEQUENCE; Schema: public; Owner: alejo
--

ALTER TABLE public.auth_group_permissions ALTER COLUMN id ADD GENERATED BY DEFAULT AS IDENTITY (
    SEQUENCE NAME public.auth_group_permissions_id_seq
    START WITH 1
    INCREMENT BY 1
    NO MINVALUE
    NO MAXVALUE
    CACHE 1
);


--
-- Name: auth_permission; Type: TABLE; Schema: public; Owner: alejo
--

CREATE TABLE public.auth_permission (
    id integer NOT NULL,
    name character varying(255) NOT NULL,
    content_type_id integer NOT NULL,
    codename character varying(100) NOT NULL
);


ALTER TABLE public.auth_permission OWNER TO alejo;

--
-- Name: auth_permission_id_seq; Type: SEQUENCE; Schema: public; Owner: alejo
--

ALTER TABLE public.auth_permission ALTER COLUMN id ADD GENERATED BY DEFAULT AS IDENTITY (
    SEQUENCE NAME public.auth_permission_id_seq
    START WITH 1
    INCREMENT BY 1
    NO MINVALUE
    NO MAXVALUE
    CACHE 1
);


--
-- Name: auth_user; Type: TABLE; Schema: public; Owner: alejo
--

CREATE TABLE public.auth_user (
    id integer NOT NULL,
    password character varying(128) NOT NULL,
    last_login timestamp with time zone,
    is_superuser boolean NOT NULL,
    username character varying(150) NOT NULL,
    first_name character varying(150) NOT NULL,
    last_name character varying(150) NOT NULL,
    email character varying(254) NOT NULL,
    is_staff boolean NOT NULL,
    is_active boolean NOT NULL,
    date_joined timestamp with time zone NOT NULL
);


ALTER TABLE public.auth_user OWNER TO alejo;

--
-- Name: auth_user_groups; Type: TABLE; Schema: public; Owner: alejo
--

CREATE TABLE public.auth_user_groups (
    id bigint NOT NULL,
    user_id integer NOT NULL,
    group_id integer NOT NULL
);


ALTER TABLE public.auth_user_groups OWNER TO alejo;

--
-- Name: auth_user_groups_id_seq; Type: SEQUENCE; Schema: public; Owner: alejo
--

ALTER TABLE public.auth_user_groups ALTER COLUMN id ADD GENERATED BY DEFAULT AS IDENTITY (
    SEQUENCE NAME public.auth_user_groups_id_seq
    START WITH 1
    INCREMENT BY 1
    NO MINVALUE
    NO MAXVALUE
    CACHE 1
);


--
-- Name: auth_user_id_seq; Type: SEQUENCE; Schema: public; Owner: alejo
--

ALTER TABLE public.auth_user ALTER COLUMN id ADD GENERATED BY DEFAULT AS IDENTITY (
    SEQUENCE NAME public.auth_user_id_seq
    START WITH 1
    INCREMENT BY 1
    NO MINVALUE
    NO MAXVALUE
    CACHE 1
);


--
-- Name: auth_user_user_permissions; Type: TABLE; Schema: public; Owner: alejo
--

CREATE TABLE public.auth_user_user_permissions (
    id bigint NOT NULL,
    user_id integer NOT NULL,
    permission_id integer NOT NULL
);


ALTER TABLE public.auth_user_user_permissions OWNER TO alejo;

--
-- Name: auth_user_user_permissions_id_seq; Type: SEQUENCE; Schema: public; Owner: alejo
--

ALTER TABLE public.auth_user_user_permissions ALTER COLUMN id ADD GENERATED BY DEFAULT AS IDENTITY (
    SEQUENCE NAME public.auth_user_user_permissions_id_seq
    START WITH 1
    INCREMENT BY 1
    NO MINVALUE
    NO MAXVALUE
    CACHE 1
);


--
-- Name: cliente_cliente; Type: TABLE; Schema: public; Owner: alejo
--

CREATE TABLE public.cliente_cliente (
    id bigint NOT NULL,
    nombre character varying(50) NOT NULL,
    correo_electronico character varying(40) NOT NULL,
    telefono character varying(15) NOT NULL,
    ciudad character varying(30) NOT NULL,
    tipo_persona character varying(50) NOT NULL,
    nit character varying(15),
    casa_apto character varying(10),
    complemento character varying(20),
    descripcion text,
    numero character varying(10) NOT NULL,
    tipo_via character varying(3) NOT NULL,
    "contraseña" character varying(20) NOT NULL,
    departamento character varying(50) NOT NULL
);


ALTER TABLE public.cliente_cliente OWNER TO alejo;

--
-- Name: cliente_cliente_id_seq; Type: SEQUENCE; Schema: public; Owner: alejo
--

ALTER TABLE public.cliente_cliente ALTER COLUMN id ADD GENERATED BY DEFAULT AS IDENTITY (
    SEQUENCE NAME public.cliente_cliente_id_seq
    START WITH 1
    INCREMENT BY 1
    NO MINVALUE
    NO MAXVALUE
    CACHE 1
);


--
-- Name: django_admin_log; Type: TABLE; Schema: public; Owner: alejo
--

CREATE TABLE public.django_admin_log (
    id integer NOT NULL,
    action_time timestamp with time zone NOT NULL,
    object_id text,
    object_repr character varying(200) NOT NULL,
    action_flag smallint NOT NULL,
    change_message text NOT NULL,
    content_type_id integer,
    user_id integer NOT NULL,
    CONSTRAINT django_admin_log_action_flag_check CHECK ((action_flag >= 0))
);


ALTER TABLE public.django_admin_log OWNER TO alejo;

--
-- Name: django_admin_log_id_seq; Type: SEQUENCE; Schema: public; Owner: alejo
--

ALTER TABLE public.django_admin_log ALTER COLUMN id ADD GENERATED BY DEFAULT AS IDENTITY (
    SEQUENCE NAME public.django_admin_log_id_seq
    START WITH 1
    INCREMENT BY 1
    NO MINVALUE
    NO MAXVALUE
    CACHE 1
);


--
-- Name: django_content_type; Type: TABLE; Schema: public; Owner: alejo
--

CREATE TABLE public.django_content_type (
    id integer NOT NULL,
    app_label character varying(100) NOT NULL,
    model character varying(100) NOT NULL
);


ALTER TABLE public.django_content_type OWNER TO alejo;

--
-- Name: django_content_type_id_seq; Type: SEQUENCE; Schema: public; Owner: alejo
--

ALTER TABLE public.django_content_type ALTER COLUMN id ADD GENERATED BY DEFAULT AS IDENTITY (
    SEQUENCE NAME public.django_content_type_id_seq
    START WITH 1
    INCREMENT BY 1
    NO MINVALUE
    NO MAXVALUE
    CACHE 1
);


--
-- Name: django_migrations; Type: TABLE; Schema: public; Owner: alejo
--

CREATE TABLE public.django_migrations (
    id bigint NOT NULL,
    app character varying(255) NOT NULL,
    name character varying(255) NOT NULL,
    applied timestamp with time zone NOT NULL
);


ALTER TABLE public.django_migrations OWNER TO alejo;

--
-- Name: django_migrations_id_seq; Type: SEQUENCE; Schema: public; Owner: alejo
--

ALTER TABLE public.django_migrations ALTER COLUMN id ADD GENERATED BY DEFAULT AS IDENTITY (
    SEQUENCE NAME public.django_migrations_id_seq
    START WITH 1
    INCREMENT BY 1
    NO MINVALUE
    NO MAXVALUE
    CACHE 1
);


--
-- Name: django_session; Type: TABLE; Schema: public; Owner: alejo
--

CREATE TABLE public.django_session (
    session_key character varying(40) NOT NULL,
    session_data text NOT NULL,
    expire_date timestamp with time zone NOT NULL
);


ALTER TABLE public.django_session OWNER TO alejo;

--
-- Name: producto_categoria; Type: TABLE; Schema: public; Owner: alejo
--

CREATE TABLE public.producto_categoria (
    id bigint NOT NULL,
    nombre character varying(30) NOT NULL,
    imagen character varying(100)
);


ALTER TABLE public.producto_categoria OWNER TO alejo;

--
-- Name: producto_categoria_id_seq; Type: SEQUENCE; Schema: public; Owner: alejo
--

ALTER TABLE public.producto_categoria ALTER COLUMN id ADD GENERATED BY DEFAULT AS IDENTITY (
    SEQUENCE NAME public.producto_categoria_id_seq
    START WITH 1
    INCREMENT BY 1
    NO MINVALUE
    NO MAXVALUE
    CACHE 1
);


--
-- Name: producto_color; Type: TABLE; Schema: public; Owner: alejo
--

CREATE TABLE public.producto_color (
    id bigint NOT NULL,
    imagen character varying(100),
    color character varying(26) NOT NULL,
    producto_id_id bigint,
    stock integer
);


ALTER TABLE public.producto_color OWNER TO alejo;

--
-- Name: producto_imagen_id_seq; Type: SEQUENCE; Schema: public; Owner: alejo
--

ALTER TABLE public.producto_color ALTER COLUMN id ADD GENERATED BY DEFAULT AS IDENTITY (
    SEQUENCE NAME public.producto_imagen_id_seq
    START WITH 1
    INCREMENT BY 1
    NO MINVALUE
    NO MAXVALUE
    CACHE 1
);


--
-- Name: producto_producto; Type: TABLE; Schema: public; Owner: alejo
--

CREATE TABLE public.producto_producto (
    id bigint NOT NULL,
    nombre character varying(30) NOT NULL,
    porcentaje_iva numeric(3,1) NOT NULL,
    precio numeric(10,2) NOT NULL,
    descripcion text NOT NULL,
    stock integer NOT NULL,
    proveedor_id_id bigint,
    subcategoria_id bigint,
    oferta numeric(4,2)
);


ALTER TABLE public.producto_producto OWNER TO alejo;

--
-- Name: producto_producto_id_seq; Type: SEQUENCE; Schema: public; Owner: alejo
--

ALTER TABLE public.producto_producto ALTER COLUMN id ADD GENERATED BY DEFAULT AS IDENTITY (
    SEQUENCE NAME public.producto_producto_id_seq
    START WITH 1
    INCREMENT BY 1
    NO MINVALUE
    NO MAXVALUE
    CACHE 1
);


--
-- Name: producto_proveedor; Type: TABLE; Schema: public; Owner: alejo
--

CREATE TABLE public.producto_proveedor (
    id bigint NOT NULL,
    ciudad character varying(30) NOT NULL,
    nombre_completo character varying(60) NOT NULL,
    nit character varying(15) NOT NULL,
    correo_electronico character varying(254) NOT NULL,
    telefono character varying(13) NOT NULL,
    direccion character varying(50) NOT NULL
);


ALTER TABLE public.producto_proveedor OWNER TO alejo;

--
-- Name: producto_proveedor_id_seq; Type: SEQUENCE; Schema: public; Owner: alejo
--

ALTER TABLE public.producto_proveedor ALTER COLUMN id ADD GENERATED BY DEFAULT AS IDENTITY (
    SEQUENCE NAME public.producto_proveedor_id_seq
    START WITH 1
    INCREMENT BY 1
    NO MINVALUE
    NO MAXVALUE
    CACHE 1
);


--
-- Name: producto_subcategoria; Type: TABLE; Schema: public; Owner: alejo
--

CREATE TABLE public.producto_subcategoria (
    id bigint NOT NULL,
    nombre character varying(20) NOT NULL,
    categoria_id bigint
);


ALTER TABLE public.producto_subcategoria OWNER TO alejo;

--
-- Name: producto_subcategoria_id_seq; Type: SEQUENCE; Schema: public; Owner: alejo
--

ALTER TABLE public.producto_subcategoria ALTER COLUMN id ADD GENERATED BY DEFAULT AS IDENTITY (
    SEQUENCE NAME public.producto_subcategoria_id_seq
    START WITH 1
    INCREMENT BY 1
    NO MINVALUE
    NO MAXVALUE
    CACHE 1
);


--
-- Data for Name: auth_group; Type: TABLE DATA; Schema: public; Owner: alejo
--

COPY public.auth_group (id, name) FROM stdin;
\.


--
-- Data for Name: auth_group_permissions; Type: TABLE DATA; Schema: public; Owner: alejo
--

COPY public.auth_group_permissions (id, group_id, permission_id) FROM stdin;
\.


--
-- Data for Name: auth_permission; Type: TABLE DATA; Schema: public; Owner: alejo
--

COPY public.auth_permission (id, name, content_type_id, codename) FROM stdin;
1	Can add log entry	1	add_logentry
2	Can change log entry	1	change_logentry
3	Can delete log entry	1	delete_logentry
4	Can view log entry	1	view_logentry
5	Can add permission	2	add_permission
6	Can change permission	2	change_permission
7	Can delete permission	2	delete_permission
8	Can view permission	2	view_permission
9	Can add group	3	add_group
10	Can change group	3	change_group
11	Can delete group	3	delete_group
12	Can view group	3	view_group
13	Can add user	4	add_user
14	Can change user	4	change_user
15	Can delete user	4	delete_user
16	Can view user	4	view_user
17	Can add content type	5	add_contenttype
18	Can change content type	5	change_contenttype
19	Can delete content type	5	delete_contenttype
20	Can view content type	5	view_contenttype
21	Can add session	6	add_session
22	Can change session	6	change_session
23	Can delete session	6	delete_session
24	Can view session	6	view_session
25	Can add categoria	7	add_categoria
26	Can change categoria	7	change_categoria
27	Can delete categoria	7	delete_categoria
28	Can view categoria	7	view_categoria
29	Can add subcategoria	8	add_subcategoria
30	Can change subcategoria	8	change_subcategoria
31	Can delete subcategoria	8	delete_subcategoria
32	Can view subcategoria	8	view_subcategoria
33	Can add producto	9	add_producto
34	Can change producto	9	change_producto
35	Can delete producto	9	delete_producto
36	Can view producto	9	view_producto
37	Can add proveedor	10	add_proveedor
38	Can change proveedor	10	change_proveedor
39	Can delete proveedor	10	delete_proveedor
40	Can view proveedor	10	view_proveedor
41	Can add cliente	11	add_cliente
42	Can change cliente	11	change_cliente
43	Can delete cliente	11	delete_cliente
44	Can view cliente	11	view_cliente
45	Can add producto_ cliente	12	add_producto_cliente
46	Can change producto_ cliente	12	change_producto_cliente
47	Can delete producto_ cliente	12	delete_producto_cliente
48	Can view producto_ cliente	12	view_producto_cliente
49	Can add pedido	13	add_pedido
50	Can change pedido	13	change_pedido
51	Can delete pedido	13	delete_pedido
52	Can view pedido	13	view_pedido
53	Can add factura	14	add_factura
54	Can change factura	14	change_factura
55	Can delete factura	14	delete_factura
56	Can view factura	14	view_factura
57	Can add imagen	15	add_imagen
58	Can change imagen	15	change_imagen
59	Can delete imagen	15	delete_imagen
60	Can view imagen	15	view_imagen
61	Can add color	15	add_color
62	Can change color	15	change_color
63	Can delete color	15	delete_color
64	Can view color	15	view_color
\.


--
-- Data for Name: auth_user; Type: TABLE DATA; Schema: public; Owner: alejo
--

COPY public.auth_user (id, password, last_login, is_superuser, username, first_name, last_name, email, is_staff, is_active, date_joined) FROM stdin;
1	pbkdf2_sha256$600000$TPQr89xArFdNusroBhA7UY$2MBFxZWckQqe1bZ6CjWeduG1B3+RniK9HzY8/SGiuGg=	2023-09-07 20:46:47.475597-05	t	alejo				t	t	2023-06-21 14:12:48.852332-05
\.


--
-- Data for Name: auth_user_groups; Type: TABLE DATA; Schema: public; Owner: alejo
--

COPY public.auth_user_groups (id, user_id, group_id) FROM stdin;
\.


--
-- Data for Name: auth_user_user_permissions; Type: TABLE DATA; Schema: public; Owner: alejo
--

COPY public.auth_user_user_permissions (id, user_id, permission_id) FROM stdin;
\.


--
-- Data for Name: cliente_cliente; Type: TABLE DATA; Schema: public; Owner: alejo
--

COPY public.cliente_cliente (id, nombre, correo_electronico, telefono, ciudad, tipo_persona, nit, casa_apto, complemento, descripcion, numero, tipo_via, "contraseña", departamento) FROM stdin;
8	Jorge Alejandro	alejo-largo@hotmail.com	3148847522	Medellin	Natural	\N	\N	88B-29	tercer piso	78c	TV	8286498Alejo	ANT
9	Jorge Alejandro	jalargo60@misena.edu.co	3148847522	Medellin	Natural	\N	3	88B-29	3 piso	78c	AV	12345678A	ANT
\.


--
-- Data for Name: django_admin_log; Type: TABLE DATA; Schema: public; Owner: alejo
--

COPY public.django_admin_log (id, action_time, object_id, object_repr, action_flag, change_message, content_type_id, user_id) FROM stdin;
1	2023-06-21 14:13:30.458387-05	1	Alejandro Industrial 1028034536	1	[{"added": {}}]	10	1
2	2023-06-21 14:13:43.354819-05	1	Jugueteria	1	[{"added": {}}]	7	1
3	2023-06-21 14:13:52.361476-05	1	Niños Jugueteria	1	[{"added": {}}]	8	1
4	2023-06-21 14:14:01.379104-05	2	Niñas Jugueteria	1	[{"added": {}}]	8	1
5	2023-06-21 14:17:05.55172-05	1	Hot-Wheels 50 Niños	1	[{"added": {}}]	9	1
6	2023-06-21 14:17:57.823145-05	1	Hot-Wheels 50 Niños	2	[{"changed": {"fields": ["Porcentaje iva"]}}]	9	1
7	2023-06-21 14:18:09.317875-05	1	Hot-Wheels 50 Niños	2	[{"changed": {"fields": ["Porcentaje iva"]}}]	9	1
8	2023-06-21 14:23:06.880435-05	1	Hot-Wheels "50" "Niños"	2	[]	9	1
9	2023-06-21 15:09:59.557377-05	1	Hot-Wheels "50" "Niños"	2	[{"changed": {"fields": ["Imagen"]}}]	9	1
10	2023-06-21 15:39:47.56849-05	2	Piñateria	1	[{"added": {}}]	7	1
11	2023-06-21 15:40:19.856609-05	3	Gorros Piñateria	1	[{"added": {}}]	8	1
12	2023-06-21 15:40:26.56501-05	4	Relleno Piñateria	1	[{"added": {}}]	8	1
13	2023-06-21 15:41:42.130262-05	3	Belleza	1	[{"added": {}}]	7	1
14	2023-06-21 15:41:50.58082-05	5	Maquillaje Belleza	1	[{"added": {}}]	8	1
15	2023-06-21 15:42:00.067414-05	6	Accesorios Belleza	1	[{"added": {}}]	8	1
16	2023-06-21 15:42:37.959022-05	7	Decoracion Piñateria	1	[{"added": {}}]	8	1
17	2023-06-21 15:45:36.873875-05	7	Decoracion Piñateria	3		8	1
18	2023-06-21 16:05:41.574287-05	2	Hot-Wheels2.0 "55" "Niñas"	1	[{"added": {}}]	9	1
19	2023-06-21 16:10:58.616699-05	1	Hot-Wheels "50" "Niños"	2	[{"changed": {"fields": ["Imagen"]}}]	9	1
20	2023-06-21 16:11:05.022589-05	1	Hot-Wheels "50" "Niños"	2	[{"changed": {"fields": ["Imagen"]}}]	9	1
21	2023-06-21 16:16:19.268837-05	2	Muñeca sin cabeza "55" "Niñas"	2	[{"changed": {"fields": ["Nombre"]}}]	9	1
22	2023-06-21 16:17:32.126673-05	3	Otra muñeca sin piernita "1" "Niñas"	1	[{"added": {}}]	9	1
23	2023-06-21 16:18:48.934468-05	2	Muñeca sin cabeza "55" "Niñas"	2	[{"changed": {"fields": ["Descripcion"]}}]	9	1
24	2023-06-21 16:20:11.212489-05	4	Tiburonsin "10" "Niños"	1	[{"added": {}}]	9	1
25	2023-06-21 16:27:00.223384-05	2	Muñeca sin cabeza "55" "Niñas"	2	[]	9	1
26	2023-06-22 00:14:01.309745-05	1	Mono 1028034536	1	[{"added": {}}]	11	1
27	2023-06-22 00:14:45.325834-05	1	Mono 1028034536 Muñeca sin cabeza "55" "Niñas"	1	[{"added": {}}]	12	1
28	2023-06-22 00:20:27.584854-05	1	Mono 1028034536 2023-06-22	1	[{"added": {}}]	13	1
29	2023-06-22 00:21:30.533785-05	10000	10000	1	[{"added": {}}]	14	1
30	2023-06-22 00:42:16.92196-05	1	Mono 1028034536-5	2	[{"changed": {"fields": ["Nit"]}}]	11	1
31	2023-06-22 14:48:43.168558-05	4	Tiburonsin "10" "Niños"	2	[{"changed": {"fields": ["Precio", "Oferta"]}}]	9	1
32	2023-06-22 19:27:20.57753-05	5	Megumin "10" "Niños"	1	[{"added": {}}]	9	1
33	2023-06-22 19:37:56.229855-05	8	Mono Jugueteria	1	[{"added": {}}]	8	1
34	2023-06-22 19:38:11.876892-05	8	Mono Jugueteria	3		8	1
35	2023-06-22 19:46:15.812911-05	3	Muñeca sin piernita "1" "Niñas"	2	[{"changed": {"fields": ["Nombre", "Oferta"]}}]	9	1
36	2023-06-22 19:48:04.824279-05	9	Mono Jugueteria	1	[{"added": {}}]	8	1
37	2023-06-22 21:49:30.077529-05	5	Megumin "10" "Niños"	3		9	1
38	2023-06-22 21:49:30.081931-05	4	Tiburonsin "10" "Niños"	3		9	1
39	2023-06-22 21:49:30.081931-05	3	Muñeca sin piernita "1" "Niñas"	3		9	1
40	2023-06-22 21:49:30.082931-05	2	Muñeca sin cabeza "55" "Niñas"	3		9	1
41	2023-06-22 21:49:30.082931-05	1	Hot-Wheels "50" "Niños"	3		9	1
42	2023-06-22 21:53:10.382867-05	6	Dinosaurio miniatura "200" "Niños"	1	[{"added": {}}]	9	1
43	2023-06-22 21:53:53.196282-05	7	Dinosaurio miniatura nl "50" "Niños"	1	[{"added": {}}]	9	1
44	2023-06-22 21:54:37.214241-05	8	Caballeros lm "20" "Niños"	1	[{"added": {}}]	9	1
45	2023-06-22 21:55:22.98055-05	9	Olla Juguete "30" "Niñas"	1	[{"added": {}}]	9	1
46	2023-06-22 21:55:58.1268-05	10	Portacomidas "20" "Niñas"	1	[{"added": {}}]	9	1
47	2023-06-22 21:56:39.513863-05	11	Varita SailorMoon "22" "Niñas"	1	[{"added": {}}]	9	1
48	2023-06-22 21:58:24.55352-05	12	Globos Combo "10" "Relleno"	1	[{"added": {}}]	9	1
49	2023-06-22 21:59:36.05119-05	13	Matasuegra "15" "Relleno"	1	[{"added": {}}]	9	1
50	2023-06-22 22:00:17.369367-05	14	Trompeta "5" "Relleno"	1	[{"added": {}}]	9	1
51	2023-06-22 22:02:17.987294-05	15	Peluca colorida "15" "Gorros"	1	[{"added": {}}]	9	1
52	2023-06-22 22:03:07.181433-05	16	Antifaz - Papa Noel "10" "Gorros"	1	[{"added": {}}]	9	1
53	2023-06-22 22:03:52.612192-05	17	Antifaz tropical "25" "Gorros"	1	[{"added": {}}]	9	1
54	2023-06-22 22:05:17.440432-05	18	Moños caucho pequeño "40" "Accesorios"	1	[{"added": {}}]	9	1
55	2023-06-22 22:05:56.245691-05	19	Moño caucho grande "100" "Accesorios"	1	[{"added": {}}]	9	1
56	2023-06-22 22:08:15.433601-05	20	Cubo pulidor "200" "Accesorios"	1	[{"added": {}}]	9	1
57	2023-06-22 22:09:35.251905-05	21	Esponja alga "200" "Accesorios"	1	[{"added": {}}]	9	1
58	2023-06-22 22:12:39.192311-05	22	Pincel uñas "250" "Maquillaje"	1	[{"added": {}}]	9	1
59	2023-06-22 22:13:53.553696-05	23	Brocha "250" "Maquillaje"	1	[{"added": {}}]	9	1
60	2023-06-22 22:14:41.47731-05	24	Brocha pompon "245" "Maquillaje"	1	[{"added": {}}]	9	1
61	2023-06-22 22:19:24.436893-05	23	Brocha "250" "Maquillaje"	2	[{"changed": {"fields": ["Imagen"]}}]	9	1
62	2023-06-22 22:19:32.317632-05	23	Brocha "250" "Maquillaje"	2	[{"changed": {"fields": ["Imagen"]}}]	9	1
63	2023-06-22 22:20:32.852411-05	22	Pincel uñas "250" "Maquillaje"	2	[{"changed": {"fields": ["Imagen"]}}]	9	1
64	2023-06-22 22:23:06.244693-05	18	Moños caucho pequeño "40" "Accesorios"	2	[{"changed": {"fields": ["Imagen"]}}]	9	1
65	2023-06-22 22:23:36.423511-05	17	Antifaz tropical "25" "Gorros"	2	[{"changed": {"fields": ["Imagen"]}}]	9	1
66	2023-06-22 22:23:43.742803-05	15	Peluca colorida "15" "Gorros"	2	[{"changed": {"fields": ["Imagen"]}}]	9	1
67	2023-06-22 22:26:53.270876-05	11	Varita SailorMoon "22" "Niñas"	2	[{"changed": {"fields": ["Imagen"]}}]	9	1
68	2023-06-22 22:27:02.624934-05	10	Portacomidas "20" "Niñas"	2	[{"changed": {"fields": ["Imagen"]}}]	9	1
69	2023-06-22 22:27:14.168355-05	9	Olla Juguete "30" "Niñas"	2	[{"changed": {"fields": ["Imagen"]}}]	9	1
70	2023-06-22 22:27:22.975767-05	8	Caballeros lm "20" "Niños"	2	[{"changed": {"fields": ["Imagen"]}}]	9	1
71	2023-06-22 22:27:32.991067-05	7	Dinosaurio miniatura nl "50" "Niños"	2	[{"changed": {"fields": ["Imagen"]}}]	9	1
72	2023-06-22 22:27:53.371926-05	6	Reloj juguete "200" "Niños"	2	[{"changed": {"fields": ["Nombre", "Imagen", "Descripcion"]}}]	9	1
73	2023-06-22 22:30:26.236085-05	9	Mono Jugueteria	3		8	1
74	2023-06-22 22:30:34.021556-05	4	Salado	1	[{"added": {}}]	7	1
75	2023-06-22 22:30:57.83108-05	5	Loco	1	[{"added": {}}]	7	1
76	2023-06-22 22:31:02.663127-05	6	Pato	1	[{"added": {}}]	7	1
77	2023-06-22 22:31:36.734994-05	6	Pato	3		7	1
78	2023-06-22 22:31:36.740623-05	5	Loco	3		7	1
79	2023-06-22 22:31:36.741851-05	4	Salado	3		7	1
80	2023-06-23 00:25:15.842686-05	24	Brocha pompon "245" "Maquillaje"	2	[{"changed": {"fields": ["Oferta"]}}]	9	1
81	2023-06-23 00:25:27.644473-05	22	Pincel uñas "250" "Maquillaje"	2	[{"changed": {"fields": ["Oferta"]}}]	9	1
82	2023-06-23 00:25:40.982787-05	20	Cubo pulidor "200" "Accesorios"	2	[{"changed": {"fields": ["Oferta"]}}]	9	1
83	2023-06-23 00:25:48.765741-05	13	Matasuegra "15" "Relleno"	2	[{"changed": {"fields": ["Oferta"]}}]	9	1
84	2023-06-23 00:25:56.339639-05	7	Dinosaurio miniatura nl "50" "Niños"	2	[{"changed": {"fields": ["Oferta"]}}]	9	1
85	2023-06-23 02:12:43.145343-05	25	Mono "1" "Niños"	1	[{"added": {}}]	9	1
86	2023-06-23 02:13:20.512698-05	25	Mono "1" "Niños"	2	[{"changed": {"fields": ["Oferta"]}}]	9	1
87	2023-06-23 02:13:37.996568-05	25	Mono "1" "Niños"	3		9	1
88	2023-06-23 02:14:35.383732-05	26	Meneses "1" "Accesorios"	1	[{"added": {}}]	9	1
89	2023-06-23 02:16:32.389074-05	27	Megumin "1" "Maquillaje"	1	[{"added": {}}]	9	1
90	2023-06-23 02:17:48.349826-05	27	Megumin "1" "Maquillaje"	2	[{"changed": {"fields": ["Imagen"]}}]	9	1
91	2023-06-23 02:23:12.802679-05	28	asdasdasda "555" "Gorros"	1	[{"added": {}}]	9	1
92	2023-06-23 02:23:49.229685-05	28	asdasdasda "555" "Gorros"	3		9	1
93	2023-06-23 02:23:49.235738-05	27	Megumin "1" "Maquillaje"	3		9	1
94	2023-06-23 02:23:55.219759-05	26	Meneses "1" "Accesorios"	3		9	1
95	2023-06-23 02:27:01.593406-05	20	Cubo pulidor "200" "Accesorios"	2	[{"changed": {"fields": ["Imagen"]}}]	9	1
96	2023-06-23 02:27:27.424351-05	20	Cubo pulidor "200" "Accesorios"	2	[{"changed": {"fields": ["Imagen"]}}]	9	1
97	2023-06-23 08:55:51.999072-05	29	articulo "29" "Niños"	1	[{"added": {}}]	9	1
98	2023-07-02 17:02:08.306491-05	1	Variado Caballeros lm "20" "Niños"	1	[{"added": {}}]	15	1
99	2023-07-02 17:10:05.100043-05	2	Rojo Caballeros lm "20" "Niños"	1	[{"added": {}}]	15	1
100	2023-07-02 17:11:55.254246-05	2	Rojo Caballeros lm "20" "Niños"	3		15	1
101	2023-07-02 17:12:43.239368-05	29	articulo "29" "Niños"	3		9	1
102	2023-07-02 17:12:43.260057-05	24	Brocha pompon "245" "Maquillaje"	3		9	1
103	2023-07-02 17:12:43.260057-05	23	Brocha "250" "Maquillaje"	3		9	1
104	2023-07-02 17:12:43.260057-05	22	Pincel uñas "250" "Maquillaje"	3		9	1
105	2023-07-02 17:12:43.260057-05	21	Esponja alga "200" "Accesorios"	3		9	1
106	2023-07-02 17:12:43.271112-05	20	Cubo pulidor "200" "Accesorios"	3		9	1
107	2023-07-02 17:12:43.271112-05	19	Moño caucho grande "100" "Accesorios"	3		9	1
108	2023-07-02 17:12:43.271112-05	18	Moños caucho pequeño "40" "Accesorios"	3		9	1
109	2023-07-02 17:12:43.271112-05	17	Antifaz tropical "25" "Gorros"	3		9	1
110	2023-07-02 17:12:43.271112-05	16	Antifaz - Papa Noel "10" "Gorros"	3		9	1
111	2023-07-02 17:12:43.271112-05	15	Peluca colorida "15" "Gorros"	3		9	1
112	2023-07-02 17:12:43.271112-05	14	Trompeta "5" "Relleno"	3		9	1
113	2023-07-02 17:12:43.286747-05	13	Matasuegra "15" "Relleno"	3		9	1
114	2023-07-02 17:12:43.286747-05	12	Globos Combo "10" "Relleno"	3		9	1
115	2023-07-02 17:12:43.286747-05	11	Varita SailorMoon "22" "Niñas"	3		9	1
116	2023-07-02 17:12:43.286747-05	10	Portacomidas "20" "Niñas"	3		9	1
117	2023-07-02 17:12:43.286747-05	9	Olla Juguete "30" "Niñas"	3		9	1
118	2023-07-02 17:12:43.286747-05	8	Caballeros lm "20" "Niños"	3		9	1
119	2023-07-02 17:12:43.286747-05	7	Dinosaurio miniatura nl "50" "Niños"	3		9	1
120	2023-07-02 17:12:43.286747-05	6	Reloj juguete "200" "Niños"	3		9	1
121	2023-07-02 17:13:29.956733-05	30	Megumin "50" "Niños"	1	[{"added": {}}]	9	1
122	2023-07-02 17:13:44.806456-05	1	Variado None	3		15	1
123	2023-07-02 17:14:02.923415-05	3	Rojo Megumin "50" "Niños"	1	[{"added": {}}]	15	1
124	2023-07-02 18:00:51.769814-05	30	Megumin "50" "Niños"	2	[{"changed": {"fields": ["Oferta"]}}]	9	1
125	2023-07-02 18:02:22.152785-05	31	Tigre Tony "10" "Niños"	1	[{"added": {}}]	9	1
126	2023-07-02 18:02:36.058148-05	4	Variado Tigre Tony "10" "Niños"	1	[{"added": {}}]	15	1
127	2023-07-06 12:07:32.345351-05	32	Mono "10" "Niños"	1	[{"added": {}}]	9	1
128	2023-07-06 12:07:54.708556-05	5	Variado Mono "10" "Niños"	1	[{"added": {}}]	15	1
129	2023-07-06 12:08:16.177163-05	32	Mono "10" "Niños"	2	[{"changed": {"fields": ["Oferta"]}}]	9	1
130	2023-07-06 12:09:38.155597-05	33	Megumin figura "15" "Niños"	1	[{"added": {}}]	9	1
131	2023-07-06 12:10:12.872794-05	6	Variado Megumin figura "15" "Niños"	1	[{"added": {}}]	15	1
132	2023-07-07 17:17:44.816392-05	6	Variado Megumin figura "15" "Niños"	3		15	1
133	2023-07-07 17:17:44.820383-05	5	Variado Mono "10" "Niños"	3		15	1
134	2023-07-07 17:17:44.821415-05	4	Variado Tigre Tony "10" "Niños"	3		15	1
135	2023-07-07 17:17:44.822378-05	3	Rojo Megumin "50" "Niños"	3		15	1
136	2023-07-07 17:18:04.40975-05	7	Variado Megumin "65" "Niños"	1	[{"added": {}}]	15	1
137	2023-07-07 17:18:21.096513-05	8	Variado Tigre Tony "25" "Niños"	1	[{"added": {}}]	15	1
138	2023-07-07 17:18:37.016737-05	9	Variado Mono "25" "Niños"	1	[{"added": {}}]	15	1
139	2023-07-07 17:18:55.036973-05	10	Rojo Megumin figura "30" "Niños"	1	[{"added": {}}]	15	1
140	2023-07-07 17:19:31.341711-05	30	Megumin "10" "Niños"	2	[{"changed": {"fields": ["Stock"]}}]	9	1
141	2023-07-07 17:19:55.70804-05	11	Rojo Megumin "25" "Niños"	1	[{"added": {}}]	15	1
142	2023-07-07 17:21:27.290193-05	7	Variado Megumin "25" "Niños"	2	[{"changed": {"fields": ["Imagen", "Stock"]}}]	15	1
143	2023-07-07 17:22:46.686324-05	7	Megumin - Variado 10	2	[{"changed": {"fields": ["Imagen", "Stock"]}}]	15	1
144	2023-07-07 17:23:28.402422-05	11	Megumin - Rojo 0	2	[{"changed": {"fields": ["Imagen", "Stock"]}}]	15	1
145	2023-07-07 17:23:32.943922-05	10	Megumin figura - Rojo 0	2	[{"changed": {"fields": ["Imagen", "Stock"]}}]	15	1
146	2023-07-07 17:23:37.635972-05	9	Mono - Variado 0	2	[{"changed": {"fields": ["Imagen", "Stock"]}}]	15	1
147	2023-07-07 17:23:41.940997-05	7	Megumin - Variado 0	2	[{"changed": {"fields": ["Imagen", "Stock"]}}]	15	1
148	2023-07-07 17:23:56.88528-05	33	Megumin figura "0" "Niños"	2	[{"changed": {"fields": ["Stock"]}}]	9	1
149	2023-07-07 17:24:02.443129-05	32	Mono "0" "Niños"	2	[{"changed": {"fields": ["Stock"]}}]	9	1
150	2023-07-07 17:24:09.12395-05	31	Tigre Tony "0" "Niños"	2	[{"changed": {"fields": ["Stock"]}}]	9	1
151	2023-07-07 17:24:14.676429-05	30	Megumin "0" "Niños"	2	[{"changed": {"fields": ["Stock"]}}]	9	1
152	2023-07-07 17:24:22.328777-05	10	Megumin figura - Rojo 15	2	[{"changed": {"fields": ["Imagen", "Stock"]}}]	15	1
153	2023-07-07 17:24:35.625091-05	11	Megumin - Rojo 0	3		15	1
154	2023-07-07 17:24:35.628658-05	10	Megumin figura - Rojo 15	3		15	1
155	2023-07-07 17:24:35.629659-05	9	Mono - Variado 0	3		15	1
156	2023-07-07 17:24:35.629659-05	8	Tigre Tony - Variado 15	3		15	1
157	2023-07-07 17:24:35.631168-05	7	Megumin - Variado 0	3		15	1
158	2023-07-07 17:24:50.228927-05	12	Megumin figura - Variado 15	1	[{"added": {}}]	15	1
159	2023-07-07 17:25:11.082802-05	13	Mono - Variado 20	1	[{"added": {}}]	15	1
160	2023-07-07 17:26:56.183029-05	14	Tigre Tony - Variado 10	1	[{"added": {}}]	15	1
161	2023-07-07 17:33:47.947879-05	14	Tigre Tony - Variado 7	2	[{"changed": {"fields": ["Imagen", "Stock"]}}]	15	1
162	2023-07-07 17:34:10.161719-05	15	Tigre Tony - Selvatico 9	1	[{"added": {}}]	15	1
163	2023-07-07 17:49:24.380862-05	16	Megumin - Violeta 15	1	[{"added": {}}]	15	1
164	2023-07-07 19:23:26.605134-05	3	Belleza	2	[{"changed": {"fields": ["Imagen"]}}]	7	1
165	2023-07-07 19:23:35.764784-05	2	Piñateria	2	[{"changed": {"fields": ["Imagen"]}}]	7	1
166	2023-07-07 19:23:42.196427-05	1	Jugueteria	2	[{"changed": {"fields": ["Imagen"]}}]	7	1
167	2023-07-07 23:18:05.164758-05	33	Megumin figura "15" "Niñas"	2	[{"changed": {"fields": ["Subcategoria"]}}]	9	1
168	2023-07-07 23:18:15.243996-05	32	Mono "20" "Niñas"	2	[{"changed": {"fields": ["Subcategoria"]}}]	9	1
169	2023-07-08 02:44:13.462464-05	16	Megumin - Violeta 16	3		15	1
170	2023-07-08 02:44:13.465725-05	15	Tigre Tony - Selvatico 15	3		15	1
171	2023-07-08 02:44:13.467097-05	14	Tigre Tony - Variado 14	3		15	1
172	2023-07-08 02:44:13.467725-05	13	Mono - Variado 13	3		15	1
173	2023-07-08 02:44:13.468341-05	12	Megumin figura - Variado 12	3		15	1
174	2023-07-08 02:44:22.633253-05	33	Megumin figura "15" "Niñas"	3		9	1
175	2023-07-08 02:44:22.636252-05	32	Mono "20" "Niñas"	3		9	1
176	2023-07-08 02:44:22.637212-05	31	Tigre Tony "16" "Niños"	3		9	1
177	2023-07-08 02:44:22.63821-05	30	Megumin "15" "Niños"	3		9	1
178	2023-07-08 02:44:29.805169-05	1	Alejandro Industrial 1028034536	3		10	1
179	2023-07-08 02:45:05.37715-05	2	Plasticos J&T 111111111-5	1	[{"added": {}}]	10	1
180	2023-07-08 02:46:53.516991-05	34	Caballero Brillante "0" "Niños"	1	[{"added": {}}]	9	1
181	2023-07-08 02:47:45.093979-05	35	Ollas plasticas "0" "Niñas"	1	[{"added": {}}]	9	1
182	2023-07-08 02:52:37.627711-05	36	Pop-it "0" "Niños"	1	[{"added": {}}]	9	1
183	2023-07-08 02:53:01.539688-05	17	Caballero Brillante - Variado 17	1	[{"added": {}}]	15	1
184	2023-07-08 02:53:22.829837-05	18	Ollas plasticas - Rojo 18	1	[{"added": {}}]	15	1
185	2023-07-08 02:53:44.019683-05	19	Ollas plasticas - Amarillo 19	1	[{"added": {}}]	15	1
186	2023-07-08 02:53:55.924952-05	20	Pop-it - Sus 20	1	[{"added": {}}]	15	1
187	2023-07-08 02:54:11.659765-05	21	Pop-it - Circulo 21	1	[{"added": {}}]	15	1
188	2023-07-08 02:54:24.638522-05	22	Pop-it - Corazon 22	1	[{"added": {}}]	15	1
189	2023-07-08 02:57:16.718415-05	37	Peluca "0" "Gorros"	1	[{"added": {}}]	9	1
190	2023-07-08 02:58:41.315808-05	38	Antifaz "0" "Gorros"	1	[{"added": {}}]	9	1
191	2023-07-08 02:59:02.788515-05	23	Peluca - Variado 23	1	[{"added": {}}]	15	1
192	2023-07-08 02:59:26.44033-05	24	Antifaz - Hawaiano 24	1	[{"added": {}}]	15	1
193	2023-07-08 02:59:44.66052-05	25	Antifaz - Papa Noel 25	1	[{"added": {}}]	15	1
194	2023-07-10 19:09:48.118754-05	39	Juguete "0" "Niños"	1	[{"added": {}}]	9	1
195	2023-07-10 19:10:11.504142-05	26	Juguete - Variado 26	1	[{"added": {}}]	15	1
196	2023-07-10 19:10:30.384304-05	39	Juguete "15" "Maquillaje"	2	[{"changed": {"fields": ["Subcategoria"]}}]	9	1
197	2023-07-10 19:10:44.793262-05	39	Juguete "15" "Niños"	2	[{"changed": {"fields": ["Subcategoria"]}}]	9	1
198	2023-07-11 19:57:53.895905-05	40	Globo "0" "Relleno"	1	[{"added": {}}]	9	1
199	2023-07-11 19:58:09.051662-05	27	Globo - Variado 27	1	[{"added": {}}]	15	1
200	2023-07-11 19:59:03.362701-05	26	Juguete - Variado 26	3		15	1
201	2023-07-11 19:59:03.366738-05	25	Antifaz - Papa Noel 25	3		15	1
202	2023-07-11 19:59:03.36774-05	24	Antifaz - Hawaiano 24	3		15	1
203	2023-07-11 19:59:03.36774-05	23	Peluca - Variado 23	3		15	1
204	2023-07-11 19:59:03.368841-05	22	Pop-it - Corazon 22	3		15	1
205	2023-07-11 19:59:03.368841-05	21	Pop-it - Circulo 21	3		15	1
206	2023-07-11 19:59:03.370294-05	20	Pop-it - Sus 20	3		15	1
207	2023-07-11 19:59:03.371291-05	19	Ollas plasticas - Amarillo 19	3		15	1
208	2023-07-11 19:59:03.371291-05	18	Ollas plasticas - Rojo 18	3		15	1
209	2023-07-11 19:59:03.372288-05	17	Caballero Brillante - Variado 17	3		15	1
210	2023-07-11 19:59:18.247752-05	28	Antifaz - Hawaiano 28	1	[{"added": {}}]	15	1
211	2023-07-11 19:59:39.12298-05	29	Antifaz - Papa Noel 29	1	[{"added": {}}]	15	1
212	2023-07-11 19:59:55.822258-05	30	Peluca - Variado 30	1	[{"added": {}}]	15	1
213	2023-07-11 20:00:14.813533-05	31	Juguete - Variado 31	1	[{"added": {}}]	15	1
214	2023-07-11 20:00:35.717388-05	32	Pop-it - Circulo 32	1	[{"added": {}}]	15	1
215	2023-07-11 20:00:49.079968-05	33	Pop-it - Sus 33	1	[{"added": {}}]	15	1
216	2023-07-11 20:01:03.201924-05	34	Pop-it - Corazon 34	1	[{"added": {}}]	15	1
217	2023-07-11 20:01:22.05862-05	35	Ollas plasticas - Variado 35	1	[{"added": {}}]	15	1
218	2023-07-11 20:01:41.06397-05	36	Ollas plasticas - Rojo 36	1	[{"added": {}}]	15	1
219	2023-07-11 20:02:03.794307-05	31	Juguete - Variado 31	2	[{"changed": {"fields": ["Imagen"]}}]	15	1
220	2023-07-11 20:02:13.560071-05	31	Juguete - Variado 31	2	[{"changed": {"fields": ["Imagen"]}}]	15	1
221	2023-07-11 20:03:06.309616-05	37	Caballero Brillante - Brillante - variado 37	1	[{"added": {}}]	15	1
222	2023-07-11 21:56:50.76051-05	41	Brocha "0" "Maquillaje"	1	[{"added": {}}]	9	1
223	2023-07-11 21:58:28.758887-05	42	Brocha pompon "0" "Maquillaje"	1	[{"added": {}}]	9	1
224	2023-07-11 21:59:13.000957-05	43	Pincel de uñas "0" "Accesorios"	1	[{"added": {}}]	9	1
225	2023-07-11 22:00:05.001666-05	38	Brocha - variado 38	1	[{"added": {}}]	15	1
226	2023-07-11 22:00:26.12741-05	39	Pincel de uñas - Cebra 39	1	[{"added": {}}]	15	1
227	2023-07-11 22:00:42.521588-05	40	Brocha pompon - Negro 40	1	[{"added": {}}]	15	1
228	2023-07-16 19:03:45.269009-05	3	Belleza	2	[{"changed": {"fields": ["Imagen"]}}]	7	1
229	2023-07-16 19:03:53.340663-05	3	Belleza	2	[{"changed": {"fields": ["Imagen"]}}]	7	1
230	2023-07-16 19:04:03.817485-05	2	Piñateria	2	[{"changed": {"fields": ["Imagen"]}}]	7	1
231	2023-07-16 19:04:13.562068-05	1	Jugueteria	2	[{"changed": {"fields": ["Imagen"]}}]	7	1
232	2023-08-11 15:31:16.15474-05	1	Mono (1028034536-5)	3		11	1
233	2023-08-11 17:53:07.319475-05	4	q (q)	3		11	1
234	2023-08-11 17:53:38.914026-05	5	q (q)	3		11	1
235	2023-08-11 17:56:27.920762-05	6	q (None)	3		11	1
236	2023-08-11 18:04:06.695055-05	7	q (q)	3		11	1
237	2023-08-11 18:08:35.38629-05	3	Jorge Alejandro (None)	3		11	1
238	2023-08-11 18:08:35.390433-05	2	Jorge Alejandro (1028034536-5)	3		11	1
\.


--
-- Data for Name: django_content_type; Type: TABLE DATA; Schema: public; Owner: alejo
--

COPY public.django_content_type (id, app_label, model) FROM stdin;
1	admin	logentry
2	auth	permission
3	auth	group
4	auth	user
5	contenttypes	contenttype
6	sessions	session
7	producto	categoria
8	producto	subcategoria
9	producto	producto
10	producto	proveedor
11	cliente	cliente
12	cliente	producto_cliente
13	cliente	pedido
14	cliente	factura
15	producto	color
\.


--
-- Data for Name: django_migrations; Type: TABLE DATA; Schema: public; Owner: alejo
--

COPY public.django_migrations (id, app, name, applied) FROM stdin;
1	contenttypes	0001_initial	2023-06-21 14:01:55.443351-05
2	auth	0001_initial	2023-06-21 14:01:55.531968-05
3	admin	0001_initial	2023-06-21 14:01:55.55396-05
4	admin	0002_logentry_remove_auto_add	2023-06-21 14:01:55.561123-05
5	admin	0003_logentry_add_action_flag_choices	2023-06-21 14:01:55.568202-05
6	contenttypes	0002_remove_content_type_name	2023-06-21 14:01:55.581927-05
7	auth	0002_alter_permission_name_max_length	2023-06-21 14:01:55.589095-05
8	auth	0003_alter_user_email_max_length	2023-06-21 14:01:55.597106-05
9	auth	0004_alter_user_username_opts	2023-06-21 14:01:55.603625-05
10	auth	0005_alter_user_last_login_null	2023-06-21 14:01:55.610631-05
11	auth	0006_require_contenttypes_0002	2023-06-21 14:01:55.613025-05
12	auth	0007_alter_validators_add_error_messages	2023-06-21 14:01:55.619128-05
13	auth	0008_alter_user_username_max_length	2023-06-21 14:01:55.632376-05
14	auth	0009_alter_user_last_name_max_length	2023-06-21 14:01:55.63943-05
15	auth	0010_alter_group_name_max_length	2023-06-21 14:01:55.647276-05
16	auth	0011_update_proxy_permissions	2023-06-21 14:01:55.65329-05
17	auth	0012_alter_user_first_name_max_length	2023-06-21 14:01:55.660272-05
18	sessions	0001_initial	2023-06-21 14:01:55.675294-05
19	producto	0001_initial	2023-06-21 14:11:43.191072-05
20	producto	0002_alter_producto_porcentaje_iva	2023-06-21 14:17:49.148781-05
21	producto	0003_alter_producto_precio	2023-06-21 15:09:15.293143-05
22	producto	0004_producto_oferta	2023-06-22 00:12:29.960633-05
23	cliente	0001_initial	2023-06-22 00:12:30.032385-05
24	cliente	0002_remove_pedido_cliente_and_more	2023-06-22 00:41:18.792334-05
25	producto	0005_remove_producto_imagen_imagen	2023-07-02 16:57:21.022261-05
26	producto	0006_imagen_stock	2023-07-07 17:16:36.804298-05
27	producto	0007_rename_imagen_color	2023-07-07 17:39:57.081149-05
28	producto	0008_categoria_imagen	2023-07-07 18:33:57.949693-05
29	cliente	0003_remove_cliente_direccion_cliente_casa_apto_and_more	2023-08-11 14:27:03.714873-05
30	cliente	0004_alter_cliente_casa_apto_alter_cliente_numero_and_more	2023-08-11 14:27:22.709659-05
31	cliente	0005_cliente_contraseña_cliente_departamento_and_more	2023-08-11 15:30:27.996085-05
32	cliente	0006_alter_cliente_contraseña_alter_cliente_departamento	2023-08-11 15:31:21.381717-05
\.


--
-- Data for Name: django_session; Type: TABLE DATA; Schema: public; Owner: alejo
--

COPY public.django_session (session_key, session_data, expire_date) FROM stdin;
aaut69liw8u4u8rcvpjm1mvavf18xkqs	.eJxVjEEOwiAQRe_C2pAOIIpL9z1DMwMzUjWQlHZlvLuSdKHb997_LzXhtuZpa7xMc1IXBerwywjjg0sX6Y7lVnWsZV1m0j3Ru216rImf1739O8jYcl8b50BQEF0yKfhw8j4ax2S-GMAxJ7HegDUB7dGSBSGCM4o4ZB4G9f4A7Pg4Rg:1qC3GE:22d8pMEZFN6yw5DFsSIO6-3gzHohZHRQbRZIVX0B9SU	2023-07-05 14:12:58.624282-05
w0s629b6jcja9tdxm1uxcrpuehr0p5xk	.eJxVjEEOwiAQRe_C2pAOIIpL9z1DMwMzUjWQlHZlvLuSdKHb997_LzXhtuZpa7xMc1IXBerwywjjg0sX6Y7lVnWsZV1m0j3Ru216rImf1739O8jYcl8b50BQEF0yKfhw8j4ax2S-GMAxJ7HegDUB7dGSBSGCM4o4ZB4G9f4A7Pg4Rg:1qG54k:QYLHMGgP79zNW8F4ECGiaeTHMhoKmRyTf9Rmlz2n3AQ	2023-07-16 16:57:46.688032-05
zg9eqsgjnw4mncey6dd1kyn5wpfjnmzg	.eJxVjEEOwiAQRe_C2pAOIIpL9z1DMwMzUjWQlHZlvLuSdKHb997_LzXhtuZpa7xMc1IXBerwywjjg0sX6Y7lVnWsZV1m0j3Ru216rImf1739O8jYcl8b50BQEF0yKfhw8j4ax2S-GMAxJ7HegDUB7dGSBSGCM4o4ZB4G9f4A7Pg4Rg:1qHtlX:_CA3obtVi8x5O7L5VMnh1743Hi1R3NxIQVDjaxoxFrw	2023-07-21 17:17:27.207332-05
5qyjhsqn2hygibezqqw1qfw1koti75ie	.eJxVjEEOwiAQRe_C2pAOIIpL9z1DMwMzUjWQlHZlvLuSdKHb997_LzXhtuZpa7xMc1IXBerwywjjg0sX6Y7lVnWsZV1m0j3Ru216rImf1739O8jYcl8b50BQEF0yKfhw8j4ax2S-GMAxJ7HegDUB7dGSBSGCM4o4ZB4G9f4A7Pg4Rg:1qJL6M:GPytm5iGjOtE4gWH3FqdezVj0NJbrnRlmbOas20Am5M	2023-07-25 16:40:54.311623-05
mb9snjypdfwqlz6rkhp43vgwdgzgln8s	.eJyFz0lqxDAQBdCrmFqLWEN5XPYJcoCAKaukjqAtGbWdTeO7x05nJITsVNPn6QaWcg5Lgv4GaAbTHY85J17tkobA0KMRENM0Zgc9PIZo3aVgV6xPq5Re0RXEnhGXwLQvKwEvdEkZeq0lSgFk12m9EKfPjk37_C3ZdALCRGcX9-RychyovNflh-Baamysahrt2O3nshq9b301VuhabbzqHuZ4hk0A6gHlb7z-hj_lZJ-pmNM0p_gH2yijf7LfO1_s4xP_spEd1062hi2iRttSU6uRan-4O9Z39ra9AgPjeK8:1qcp6P:mM_zHBY5vt9KvYvQS-NKhEO7awN4AtszOs2INNRsGps	2023-09-17 10:33:29.050948-05
wwjoau874gmm7zb58ezyb8f8mwvv6a0p	.eJyV0F1OwzAMB_C7-LnQxE7dtG_cgBtUztdUaW2mruOBqXcnMIG2IaHxZlvO3z_lDF6WZVwz9GcgO6D9LA5LDie_5mEM0JOtYM6TWyL08DKvY5J3qMq7UgYpC7qp4E32eYEeURlVgfjTdNpLKKlEilUZ-VwWvvKw5I2T7OJc8uophlHqS19_3z3WurMWKaCT4Izhcicm5Fbplhul0T0f5h1sFRAPhL_JfEV-zYencb0R0w-4KeJbsG74Dkz4ADi5lKw1TkX2xjfWskdpotfBeRu67hpM_wZr_EPMyOZOTA-IGUMQQiZqW-NjckHK_0aburZDZLmIt-0DOgGqHA:1qKuXU:_8Dirod8v5VytmvzZjLns1p1dmcxJCEzZ5UngB05D6g	2023-07-30 00:43:24.079547-05
ssii72vrhi8df9d80cja19sfxbf0fwv4	.eJxVTrlygzAQ_ZetGUAHWFC69zcwuzpACUgeAWk8_HtETAp3-859L9CYkt8i9C-QbBDqPJ4pml1vcfAGeskKCHGhZKGHe4p6QihyLGzeYNZZXcAPzjFBL0TdZoR6X_YZTbyYTOmYDX91QhXgFxxtyHXVYo3H6o2r_7drRY1ygpHkiktpJaEyHe-wwRuR0ojlM4xwHAUMuG_TsK_2XQ4MPjhC_W3DKZgvDGMsdQxb8lSelvJS1_IRjZ3vl_ejYMJ1OtN5BnPoEKXhpmu7W9tqLi3xTDMmrTVOtJyJPFI0ggRzREyhcxKtrWs4fgH1YnO-:1qLBsl:BOdLcSDTq8t8oOdzktwj_bZzlBvkRO6ozjMu8Uo-ja8	2023-07-30 19:14:31.740401-05
e89dvtyon0b6dvay4c50nua4cxreh7g6	.eJyNkMtuwkAMRf9l1ijMeN7s2k1XlfoHkecFaUMGhaSLIv69kwKFFFViZ19fXx_5QDz2fTNksjoQbmowU7Hrcxj9kOsmkBU3C9LlresjWZGnbmgSfpFF2StlwGJgdEE-sc09WQFQUTr043ZsMeSzUiSfi-EnD0pes8V17ErechtDg8tTv7zc3S-ZNQZ4AIfBCaHKnZhAacq0kpSBq3bdmhwXhOua03tkfYP8FtvR45z4Cqyl_AN8Uq68nD7AG5hFL0wMIKWQCR03iVKtLIoAWsQLr6A16Dve6We_vC9tdvkfXCaVmuOelZv36gdwqQKjhI2csyCC5tYqJSdSb8FTZ0-4hbfGcdjU4z6ewgkjM82h_4jdNAjv2K1z5XM39I2rJkt1nu6r1xxi-3z2zgI2uN9M2yAES5hwelewymqlPIjooMiMiRhD4goYB4tccsdZco4ZTElgjJSS4zcCgN8w:1qX0pC:FNfb3YKfrP_SyPe3iMQ0zyooA7ba_AbUPKIDvmX6hk4	2023-09-01 09:51:42.814622-05
x0d31m6qiu3twsewprho40bzbiucs8fv	.eJxVjEEOwiAQRe8ya0M6gGi7dO8ZyACDoKYkQFdN765Nuun2vff_Cp5qzb3AtG4XsLT0ZJfG1eYAEyCcmCP_4XkX4U3zqwhf5l6zE3siDtvEswT-Po72dJCopX0ttcZIkUgHGUYz3ozxUrOTf4yomUNURqKSI6mrcgqjc3inGDUxDwNsPx9SPNw:1qUYhC:ikNOxd_AXaE6w2PI_EDKVRfObthkdH9tfqad_3YqFNs	2023-08-25 15:25:18.02548-05
e54vyllow0fy7n6m5eg0593118igny9l	.eJyV0EtuwyAQBuC7sHZrYHjmCF31BtEwDJGl2kSu3U2Uu5c0apWkUpTshgH--eAgCOd5WKrYHATELahTsZ9rXmmp2yGLDcROTHVMM4uNeFt3Ky8sunZvWoaM7YDuxBd-1LlVUUrZCaR1XD8wt1AbfjpU2_45TXViGHHHU0vrR84D9ud1_zv1s8eoIqUkFQVrtE9YGLOXMqSABiK-7qedOHYC3Bb0f7C7AL_X_cuwXHmV_ANbrW_Bp861WD8gLqmUEEyS7MiQDcGRRsukcqKQY7wUw_Nie0fsA9yK4QGx0zkjaAfgvSEuKaOXikOJPmrtrv7YPC2GO2BlnbsBmwfAVFRMAMmiUaY9OdqsWdqSWBryic_g4_EbIOLhBA:1qZayF:ujlRYou3lf7FfpAT06glKwS6YtKpoeYrrFaI18rjrx8	2023-09-08 12:51:43.693055-05
yeps7sqvtc48qavmmxknwn1g4bnygeeg	.eJyd08mO2zAMANBfCXROEy3U4tw696L9gAIBJVGJW8c2vPTQwfx75caTxmMEAXoRbEqmH0jxlQXsunJo2OGVgZrWtmviGIbmWEZ2ALVldXPxHbED-1bWgapNpM34feQ8CezZNieohzJiPiy37BdWTZefJAe-ZRjGy1hhzNkBuMuR8oInqnOu_YViifvr-_79n_1egg3CWkmRcgqufUouaa-BnFRJFLu2PrG3LQOxtoo760vXhDMueOLGU4qbJW-OPOV57ZISHqSTAAQeXSxkgRqt9y4g3nhyzZMr3qZtLm1TP1IKJT8or5GnSogUDXGnYgCQEBxaIzyaNFWxiPJdqcxKqcx9w5v2Uzk84Onc5CVvjjzlpampDjwnEyBo50yQqCmI6EOu563HSq95-o73taqw37R5Gcrw4S7-c0qr9dI5R546bXK8oJQKLz14aR0acFFYYUBpbszNaddOe19Gqsbw6C7-Py-KAgM4ilJr0Am9colzawqEKC3QjefWPHfH-5xRCX8_8q1GeY489YnC5ZmN0mP0ACbnpSSN5cIazYX0V18GHnEczsexp-4vjgm2iHkMP6meNuIPrE_NLjT10JV-Nx3Zzbv97ksTqXqZzy4SnLE_T1_nkRUJE071iYUprMkXD8jLHBYCiGJSRuYZK1Bp5ZVI3guHKQEScc7e_gCGrKBv:1qJQ91:OWFAm5qqzlIc4jytlG6eevSmgPXdbVfEbIrdLIMggqQ	2023-07-25 22:03:59.199132-05
8mk4d7kyhswz24a6k24xawqj96t1fr0b	.eJw9TUsOgyAUvIp5a1IQMCqn6AGamCcfQyJgULox3r20Tbub_5ygMWd_JFAnSDGJ8Q22nEzRR5q8ASUFgZjCnC0ouPuo7doY25RHYcy1uAOpG_HwBmu4JfDENWVQnDPJCKAuoaxo0l_R6eOLkYAPuNhYZ2mwxiP9cvq73ymXvW77nltja5d1s3OD6-ZO2oEL1463LS5wXdcLiIs-VQ:1qJiOL:-Wyig6WgM1EZHA4w7VkpmmzY1tln9AbAc5-SzxyElzU	2023-07-26 17:33:01.495047-05
64gkmdis3i6j7yfz3q7v7zqi7hqd25ql	eyJjYXJyaXRvIjp7fX0:1qJiTt:SEop7ytgOvWya0b_-SqkW9_PYB7JqBbUhULSyrhSxAY	2023-07-26 17:38:45.996464-05
74oe03vmu08pvoo79l1u48i4wykig5ma	.eJxVj81ugzAMx19l8hkBSbwUeux9z4Cc2ClsJUEBdqn67gtqd-jN_w__LN_BU87TluB8B9QDtsew5MS739IwMZxRVxDT7LLAGS45-ZE-ljQvKUJVtuM2MZWaqeCXbimXSRndVkB-n_cbcUH3prfF8ankT2ZR00xXiYXZzMITNU_d_N9eG2RhK21n2CNq9B2drHJkA0qne9b1Eq_weFQw0L6Nw77KEw4K3jxH_kfiEfA3xWuqfYpbnlx9VOpXutZfieV2eXXfACOt47GtEVWgQISsubf9yVqvUZwutlIowsFYXb7vyXwaZ1RwTnUUApJI28LjDwsJdfI:1qfjZj:JlS-GM3xGhxkWBssXN8mxfrFVqelI3hwpCHFGcVYARs	2023-09-25 11:15:47.51275-05
ufy01kg8jhx0d474nxy26vzl1eu0fev0	.eJyd0ktqwzAQBuCrFK1NrRlppLF3PUGPEPQMBj-C43TRkLtXSWgbtxBCNmI0jP75FjqK4Oa5WybRHoXiDTbnYjdP8RCWadNF0SquxDgNfk6iFW_j0mX3KaryrpTRlQGASny4fppFiyi1rIQLh-HQu1hSUaM-t8JUBi552FSiG9w2jSWvHlLsXH29199797V1mNh6GS1GHbziYHyixgETBQX6dTduxam6kPkJMt4jG615TeYHyNAwo4roXfRam7InZTRWgjUkAf0PmTbK_CfTDfm9793-ZVeOpQtuv6LrX7klWssBJMqVXJkH5NzEyEBScgBtlfSaMslMXlrwOdhbOT0vxztyIvgDp0d-SWbZpJwbj157tOyM5ggWjFYkjbnCT6cvOmbmmQ:1qceY4:OJR9ceHdtXHAAglPOyR1Grb7XalDtCx1jTUHj_A3OrU	2023-09-16 23:17:20.45607-05
yg2b7e6vtacdxlu9dnofndi5p677g0d1	.eJyN0s2OmzAUBeBXibxmGvv62r7Ort2M1E37AJWQfzNIJEQEuugo716n0SQBNBUbZAxcfxyddxZc3zdDx3bvTNpaiuvi1HdxDENXN5HtpK3YsTv4PrEd-z7uxzQkVpXvjkMTXXkBKvbbtV1fVpZzXjEXxsPYuliGKvq3E7ry_DZNVKw5uH06lmnbQ4qN297utx-nnrfOChu85yKQQjDe5eSi4Zw8OZTWfTkd9-xSMalrCUuwfgL_7E4vzTDx4t2rAGZe4EQzMKwAZ58zEXqedMCgiHQAp1IQ0QeK1n6AUdbSLsAon8HNMaR2E9Nm_DVynoU7f5Y2cJzqETlN8XYFHtAEYQykmMpArq7_kpVXmAhkFg-8qCUt8eIJ_63vwpubeNXdKyXXU6_QSs7SphVgryhL4REIEBN6VyIG65Qz3lNwj3pQDUvw9Yg7-GthZvdnIpb_SVhrARMwrAELSyXKCN5Fj6jLKSmDNlwYrbgAf0-Y12CWCfMn8Gvb-e6TOgulZwFr0DjlmhVcroE02iSliBiNtFZrhRFMsBC4vxdCqlqqZb7qifujbd15cyqXoQmzJj-aAUapWTOkMWraDLVCbjJxm3K2Hjx6MOQ0UhRGaJSKa32TXy5_AXgZilw:1qgrGb:lXx6xu5Rntjew5UupTHTtpi9D6aZxaHZPxwr5GW1cWw	2023-09-28 13:40:41.465075-05
\.


--
-- Data for Name: producto_categoria; Type: TABLE DATA; Schema: public; Owner: alejo
--

COPY public.producto_categoria (id, nombre, imagen) FROM stdin;
3	Belleza	imagen/productos/d9392156434e4145b53714f06687b42d.png
2	Piñateria	imagen/productos/190b6d302d0449bcb655fced3cff060b.png
1	Jugueteria	imagen/productos/65ea9c2c917741fa80aa7e8155f85e85.png
\.


--
-- Data for Name: producto_color; Type: TABLE DATA; Schema: public; Owner: alejo
--

COPY public.producto_color (id, imagen, color, producto_id_id, stock) FROM stdin;
27	imagen/productos/0628649e331d4d73996654d27c92c0b9.png	Variado	40	15
28	imagen/productos/198823d2badb446dadef26701765012b.png	Hawaiano	38	15
29	imagen/productos/7a2e87b0d72d4cb38c6be59a1855c314.png	Papa Noel	38	15
30	imagen/productos/d19ac48ed25545fab38f00769a4d274e.png	Variado	37	10
32	imagen/productos/fbff884b0e6c4c5886c2a5ec1dbc8d99.png	Circulo	36	10
33	imagen/productos/62dda32633774cefbda701e8f979226a.png	Sus	36	15
34	imagen/productos/cf19b33b5a41430095d2e05fbe04c7be.png	Corazon	36	15
35	imagen/productos/7f809eff9b2b4b278a648d1716435066.png	Variado	35	10
36	imagen/productos/89dd815008c14730b45f50f5b071bfc7.png	Rojo	35	10
31	imagen/productos/a919cbb01c85427bafead7008b8a439a.png	Variado	39	10
37	imagen/productos/4d5f89e1f26e41a7b6e4319ebebd1a7b.png	Brillante - variado	34	16
38	imagen/productos/b58f31b428244e4ba8d929a5a7bb8caa.png	variado	41	15
39	imagen/productos/247c1772ede04005bff8f5b54e823f19.png	Cebra	43	10
40	imagen/productos/4ded6e083dc4424c8a761ba6f4e829d2.png	Negro	42	15
\.


--
-- Data for Name: producto_producto; Type: TABLE DATA; Schema: public; Owner: alejo
--

COPY public.producto_producto (id, nombre, porcentaje_iva, precio, descripcion, stock, proveedor_id_id, subcategoria_id, oferta) FROM stdin;
40	Globo	16.0	15000.00	Globo bonito	15	2	4	10.00
38	Antifaz	16.0	20000.00	pqte x5 Antifaces para cualquier ocasión	60	2	3	5.00
37	Peluca	16.0	25000.00	pqte x5 Pelucas de varios colores	30	2	3	5.00
36	Pop-it	16.0	50000.00	pqte x15 Pop-it de diferentes figuras	70	2	1	10.00
35	Ollas plasticas	16.0	25000.00	pqte x4 Ollas plasticas	35	2	2	5.00
39	Juguete	16.0	25000.00	JUGUETE DE PRUEBA	25	2	1	0.00
34	Caballero Brillante	19.0	20000.00	paquete x10 caballeros medievales brillan en la oscuridad	31	2	1	0.00
41	Brocha	16.0	30000.00	Brocha pqte x 10	15	2	5	5.00
43	Pincel de uñas	16.0	20000.00	Pincel para uñas pqte x 5	10	2	6	5.00
42	Brocha pompon	16.0	30000.00	Brocha pqte x 10	15	2	5	10.00
\.


--
-- Data for Name: producto_proveedor; Type: TABLE DATA; Schema: public; Owner: alejo
--

COPY public.producto_proveedor (id, ciudad, nombre_completo, nit, correo_electronico, telefono, direccion) FROM stdin;
2	Medellin	Plasticos J&T	111111111-5	alejo-largo@hotmail.com	3148847522	Pedregal Medellin
\.


--
-- Data for Name: producto_subcategoria; Type: TABLE DATA; Schema: public; Owner: alejo
--

COPY public.producto_subcategoria (id, nombre, categoria_id) FROM stdin;
1	Niños	1
2	Niñas	1
3	Gorros	2
4	Relleno	2
5	Maquillaje	3
6	Accesorios	3
\.


--
-- Name: auth_group_id_seq; Type: SEQUENCE SET; Schema: public; Owner: alejo
--

SELECT pg_catalog.setval('public.auth_group_id_seq', 1, false);


--
-- Name: auth_group_permissions_id_seq; Type: SEQUENCE SET; Schema: public; Owner: alejo
--

SELECT pg_catalog.setval('public.auth_group_permissions_id_seq', 1, false);


--
-- Name: auth_permission_id_seq; Type: SEQUENCE SET; Schema: public; Owner: alejo
--

SELECT pg_catalog.setval('public.auth_permission_id_seq', 64, true);


--
-- Name: auth_user_groups_id_seq; Type: SEQUENCE SET; Schema: public; Owner: alejo
--

SELECT pg_catalog.setval('public.auth_user_groups_id_seq', 1, false);


--
-- Name: auth_user_id_seq; Type: SEQUENCE SET; Schema: public; Owner: alejo
--

SELECT pg_catalog.setval('public.auth_user_id_seq', 1, true);


--
-- Name: auth_user_user_permissions_id_seq; Type: SEQUENCE SET; Schema: public; Owner: alejo
--

SELECT pg_catalog.setval('public.auth_user_user_permissions_id_seq', 1, false);


--
-- Name: cliente_cliente_id_seq; Type: SEQUENCE SET; Schema: public; Owner: alejo
--

SELECT pg_catalog.setval('public.cliente_cliente_id_seq', 9, true);


--
-- Name: django_admin_log_id_seq; Type: SEQUENCE SET; Schema: public; Owner: alejo
--

SELECT pg_catalog.setval('public.django_admin_log_id_seq', 238, true);


--
-- Name: django_content_type_id_seq; Type: SEQUENCE SET; Schema: public; Owner: alejo
--

SELECT pg_catalog.setval('public.django_content_type_id_seq', 15, true);


--
-- Name: django_migrations_id_seq; Type: SEQUENCE SET; Schema: public; Owner: alejo
--

SELECT pg_catalog.setval('public.django_migrations_id_seq', 32, true);


--
-- Name: producto_categoria_id_seq; Type: SEQUENCE SET; Schema: public; Owner: alejo
--

SELECT pg_catalog.setval('public.producto_categoria_id_seq', 6, true);


--
-- Name: producto_imagen_id_seq; Type: SEQUENCE SET; Schema: public; Owner: alejo
--

SELECT pg_catalog.setval('public.producto_imagen_id_seq', 40, true);


--
-- Name: producto_producto_id_seq; Type: SEQUENCE SET; Schema: public; Owner: alejo
--

SELECT pg_catalog.setval('public.producto_producto_id_seq', 43, true);


--
-- Name: producto_proveedor_id_seq; Type: SEQUENCE SET; Schema: public; Owner: alejo
--

SELECT pg_catalog.setval('public.producto_proveedor_id_seq', 2, true);


--
-- Name: producto_subcategoria_id_seq; Type: SEQUENCE SET; Schema: public; Owner: alejo
--

SELECT pg_catalog.setval('public.producto_subcategoria_id_seq', 9, true);


--
-- Name: auth_group auth_group_name_key; Type: CONSTRAINT; Schema: public; Owner: alejo
--

ALTER TABLE ONLY public.auth_group
    ADD CONSTRAINT auth_group_name_key UNIQUE (name);


--
-- Name: auth_group_permissions auth_group_permissions_group_id_permission_id_0cd325b0_uniq; Type: CONSTRAINT; Schema: public; Owner: alejo
--

ALTER TABLE ONLY public.auth_group_permissions
    ADD CONSTRAINT auth_group_permissions_group_id_permission_id_0cd325b0_uniq UNIQUE (group_id, permission_id);


--
-- Name: auth_group_permissions auth_group_permissions_pkey; Type: CONSTRAINT; Schema: public; Owner: alejo
--

ALTER TABLE ONLY public.auth_group_permissions
    ADD CONSTRAINT auth_group_permissions_pkey PRIMARY KEY (id);


--
-- Name: auth_group auth_group_pkey; Type: CONSTRAINT; Schema: public; Owner: alejo
--

ALTER TABLE ONLY public.auth_group
    ADD CONSTRAINT auth_group_pkey PRIMARY KEY (id);


--
-- Name: auth_permission auth_permission_content_type_id_codename_01ab375a_uniq; Type: CONSTRAINT; Schema: public; Owner: alejo
--

ALTER TABLE ONLY public.auth_permission
    ADD CONSTRAINT auth_permission_content_type_id_codename_01ab375a_uniq UNIQUE (content_type_id, codename);


--
-- Name: auth_permission auth_permission_pkey; Type: CONSTRAINT; Schema: public; Owner: alejo
--

ALTER TABLE ONLY public.auth_permission
    ADD CONSTRAINT auth_permission_pkey PRIMARY KEY (id);


--
-- Name: auth_user_groups auth_user_groups_pkey; Type: CONSTRAINT; Schema: public; Owner: alejo
--

ALTER TABLE ONLY public.auth_user_groups
    ADD CONSTRAINT auth_user_groups_pkey PRIMARY KEY (id);


--
-- Name: auth_user_groups auth_user_groups_user_id_group_id_94350c0c_uniq; Type: CONSTRAINT; Schema: public; Owner: alejo
--

ALTER TABLE ONLY public.auth_user_groups
    ADD CONSTRAINT auth_user_groups_user_id_group_id_94350c0c_uniq UNIQUE (user_id, group_id);


--
-- Name: auth_user auth_user_pkey; Type: CONSTRAINT; Schema: public; Owner: alejo
--

ALTER TABLE ONLY public.auth_user
    ADD CONSTRAINT auth_user_pkey PRIMARY KEY (id);


--
-- Name: auth_user_user_permissions auth_user_user_permissions_pkey; Type: CONSTRAINT; Schema: public; Owner: alejo
--

ALTER TABLE ONLY public.auth_user_user_permissions
    ADD CONSTRAINT auth_user_user_permissions_pkey PRIMARY KEY (id);


--
-- Name: auth_user_user_permissions auth_user_user_permissions_user_id_permission_id_14a6b632_uniq; Type: CONSTRAINT; Schema: public; Owner: alejo
--

ALTER TABLE ONLY public.auth_user_user_permissions
    ADD CONSTRAINT auth_user_user_permissions_user_id_permission_id_14a6b632_uniq UNIQUE (user_id, permission_id);


--
-- Name: auth_user auth_user_username_key; Type: CONSTRAINT; Schema: public; Owner: alejo
--

ALTER TABLE ONLY public.auth_user
    ADD CONSTRAINT auth_user_username_key UNIQUE (username);


--
-- Name: cliente_cliente cliente_cliente_correo_electronico_key; Type: CONSTRAINT; Schema: public; Owner: alejo
--

ALTER TABLE ONLY public.cliente_cliente
    ADD CONSTRAINT cliente_cliente_correo_electronico_key UNIQUE (correo_electronico);


--
-- Name: cliente_cliente cliente_cliente_pkey; Type: CONSTRAINT; Schema: public; Owner: alejo
--

ALTER TABLE ONLY public.cliente_cliente
    ADD CONSTRAINT cliente_cliente_pkey PRIMARY KEY (id);


--
-- Name: django_admin_log django_admin_log_pkey; Type: CONSTRAINT; Schema: public; Owner: alejo
--

ALTER TABLE ONLY public.django_admin_log
    ADD CONSTRAINT django_admin_log_pkey PRIMARY KEY (id);


--
-- Name: django_content_type django_content_type_app_label_model_76bd3d3b_uniq; Type: CONSTRAINT; Schema: public; Owner: alejo
--

ALTER TABLE ONLY public.django_content_type
    ADD CONSTRAINT django_content_type_app_label_model_76bd3d3b_uniq UNIQUE (app_label, model);


--
-- Name: django_content_type django_content_type_pkey; Type: CONSTRAINT; Schema: public; Owner: alejo
--

ALTER TABLE ONLY public.django_content_type
    ADD CONSTRAINT django_content_type_pkey PRIMARY KEY (id);


--
-- Name: django_migrations django_migrations_pkey; Type: CONSTRAINT; Schema: public; Owner: alejo
--

ALTER TABLE ONLY public.django_migrations
    ADD CONSTRAINT django_migrations_pkey PRIMARY KEY (id);


--
-- Name: django_session django_session_pkey; Type: CONSTRAINT; Schema: public; Owner: alejo
--

ALTER TABLE ONLY public.django_session
    ADD CONSTRAINT django_session_pkey PRIMARY KEY (session_key);


--
-- Name: producto_categoria producto_categoria_pkey; Type: CONSTRAINT; Schema: public; Owner: alejo
--

ALTER TABLE ONLY public.producto_categoria
    ADD CONSTRAINT producto_categoria_pkey PRIMARY KEY (id);


--
-- Name: producto_color producto_imagen_pkey; Type: CONSTRAINT; Schema: public; Owner: alejo
--

ALTER TABLE ONLY public.producto_color
    ADD CONSTRAINT producto_imagen_pkey PRIMARY KEY (id);


--
-- Name: producto_producto producto_producto_pkey; Type: CONSTRAINT; Schema: public; Owner: alejo
--

ALTER TABLE ONLY public.producto_producto
    ADD CONSTRAINT producto_producto_pkey PRIMARY KEY (id);


--
-- Name: producto_proveedor producto_proveedor_correo_electronico_key; Type: CONSTRAINT; Schema: public; Owner: alejo
--

ALTER TABLE ONLY public.producto_proveedor
    ADD CONSTRAINT producto_proveedor_correo_electronico_key UNIQUE (correo_electronico);


--
-- Name: producto_proveedor producto_proveedor_pkey; Type: CONSTRAINT; Schema: public; Owner: alejo
--

ALTER TABLE ONLY public.producto_proveedor
    ADD CONSTRAINT producto_proveedor_pkey PRIMARY KEY (id);


--
-- Name: producto_subcategoria producto_subcategoria_pkey; Type: CONSTRAINT; Schema: public; Owner: alejo
--

ALTER TABLE ONLY public.producto_subcategoria
    ADD CONSTRAINT producto_subcategoria_pkey PRIMARY KEY (id);


--
-- Name: auth_group_name_a6ea08ec_like; Type: INDEX; Schema: public; Owner: alejo
--

CREATE INDEX auth_group_name_a6ea08ec_like ON public.auth_group USING btree (name varchar_pattern_ops);


--
-- Name: auth_group_permissions_group_id_b120cbf9; Type: INDEX; Schema: public; Owner: alejo
--

CREATE INDEX auth_group_permissions_group_id_b120cbf9 ON public.auth_group_permissions USING btree (group_id);


--
-- Name: auth_group_permissions_permission_id_84c5c92e; Type: INDEX; Schema: public; Owner: alejo
--

CREATE INDEX auth_group_permissions_permission_id_84c5c92e ON public.auth_group_permissions USING btree (permission_id);


--
-- Name: auth_permission_content_type_id_2f476e4b; Type: INDEX; Schema: public; Owner: alejo
--

CREATE INDEX auth_permission_content_type_id_2f476e4b ON public.auth_permission USING btree (content_type_id);


--
-- Name: auth_user_groups_group_id_97559544; Type: INDEX; Schema: public; Owner: alejo
--

CREATE INDEX auth_user_groups_group_id_97559544 ON public.auth_user_groups USING btree (group_id);


--
-- Name: auth_user_groups_user_id_6a12ed8b; Type: INDEX; Schema: public; Owner: alejo
--

CREATE INDEX auth_user_groups_user_id_6a12ed8b ON public.auth_user_groups USING btree (user_id);


--
-- Name: auth_user_user_permissions_permission_id_1fbb5f2c; Type: INDEX; Schema: public; Owner: alejo
--

CREATE INDEX auth_user_user_permissions_permission_id_1fbb5f2c ON public.auth_user_user_permissions USING btree (permission_id);


--
-- Name: auth_user_user_permissions_user_id_a95ead1b; Type: INDEX; Schema: public; Owner: alejo
--

CREATE INDEX auth_user_user_permissions_user_id_a95ead1b ON public.auth_user_user_permissions USING btree (user_id);


--
-- Name: auth_user_username_6821ab7c_like; Type: INDEX; Schema: public; Owner: alejo
--

CREATE INDEX auth_user_username_6821ab7c_like ON public.auth_user USING btree (username varchar_pattern_ops);


--
-- Name: cliente_cliente_correo_electronico_41910366_like; Type: INDEX; Schema: public; Owner: alejo
--

CREATE INDEX cliente_cliente_correo_electronico_41910366_like ON public.cliente_cliente USING btree (correo_electronico varchar_pattern_ops);


--
-- Name: django_admin_log_content_type_id_c4bce8eb; Type: INDEX; Schema: public; Owner: alejo
--

CREATE INDEX django_admin_log_content_type_id_c4bce8eb ON public.django_admin_log USING btree (content_type_id);


--
-- Name: django_admin_log_user_id_c564eba6; Type: INDEX; Schema: public; Owner: alejo
--

CREATE INDEX django_admin_log_user_id_c564eba6 ON public.django_admin_log USING btree (user_id);


--
-- Name: django_session_expire_date_a5c62663; Type: INDEX; Schema: public; Owner: alejo
--

CREATE INDEX django_session_expire_date_a5c62663 ON public.django_session USING btree (expire_date);


--
-- Name: django_session_session_key_c0390e0f_like; Type: INDEX; Schema: public; Owner: alejo
--

CREATE INDEX django_session_session_key_c0390e0f_like ON public.django_session USING btree (session_key varchar_pattern_ops);


--
-- Name: producto_imagen_producto_id_id_2b0eb4e4; Type: INDEX; Schema: public; Owner: alejo
--

CREATE INDEX producto_imagen_producto_id_id_2b0eb4e4 ON public.producto_color USING btree (producto_id_id);


--
-- Name: producto_producto_proveedor_id_id_c9dbda9d; Type: INDEX; Schema: public; Owner: alejo
--

CREATE INDEX producto_producto_proveedor_id_id_c9dbda9d ON public.producto_producto USING btree (proveedor_id_id);


--
-- Name: producto_producto_subcategoria_id_82d39049; Type: INDEX; Schema: public; Owner: alejo
--

CREATE INDEX producto_producto_subcategoria_id_82d39049 ON public.producto_producto USING btree (subcategoria_id);


--
-- Name: producto_proveedor_correo_electronico_25718823_like; Type: INDEX; Schema: public; Owner: alejo
--

CREATE INDEX producto_proveedor_correo_electronico_25718823_like ON public.producto_proveedor USING btree (correo_electronico varchar_pattern_ops);


--
-- Name: producto_subcategoria_categoria_id_6c2f68eb; Type: INDEX; Schema: public; Owner: alejo
--

CREATE INDEX producto_subcategoria_categoria_id_6c2f68eb ON public.producto_subcategoria USING btree (categoria_id);


--
-- Name: auth_group_permissions auth_group_permissio_permission_id_84c5c92e_fk_auth_perm; Type: FK CONSTRAINT; Schema: public; Owner: alejo
--

ALTER TABLE ONLY public.auth_group_permissions
    ADD CONSTRAINT auth_group_permissio_permission_id_84c5c92e_fk_auth_perm FOREIGN KEY (permission_id) REFERENCES public.auth_permission(id) DEFERRABLE INITIALLY DEFERRED;


--
-- Name: auth_group_permissions auth_group_permissions_group_id_b120cbf9_fk_auth_group_id; Type: FK CONSTRAINT; Schema: public; Owner: alejo
--

ALTER TABLE ONLY public.auth_group_permissions
    ADD CONSTRAINT auth_group_permissions_group_id_b120cbf9_fk_auth_group_id FOREIGN KEY (group_id) REFERENCES public.auth_group(id) DEFERRABLE INITIALLY DEFERRED;


--
-- Name: auth_permission auth_permission_content_type_id_2f476e4b_fk_django_co; Type: FK CONSTRAINT; Schema: public; Owner: alejo
--

ALTER TABLE ONLY public.auth_permission
    ADD CONSTRAINT auth_permission_content_type_id_2f476e4b_fk_django_co FOREIGN KEY (content_type_id) REFERENCES public.django_content_type(id) DEFERRABLE INITIALLY DEFERRED;


--
-- Name: auth_user_groups auth_user_groups_group_id_97559544_fk_auth_group_id; Type: FK CONSTRAINT; Schema: public; Owner: alejo
--

ALTER TABLE ONLY public.auth_user_groups
    ADD CONSTRAINT auth_user_groups_group_id_97559544_fk_auth_group_id FOREIGN KEY (group_id) REFERENCES public.auth_group(id) DEFERRABLE INITIALLY DEFERRED;


--
-- Name: auth_user_groups auth_user_groups_user_id_6a12ed8b_fk_auth_user_id; Type: FK CONSTRAINT; Schema: public; Owner: alejo
--

ALTER TABLE ONLY public.auth_user_groups
    ADD CONSTRAINT auth_user_groups_user_id_6a12ed8b_fk_auth_user_id FOREIGN KEY (user_id) REFERENCES public.auth_user(id) DEFERRABLE INITIALLY DEFERRED;


--
-- Name: auth_user_user_permissions auth_user_user_permi_permission_id_1fbb5f2c_fk_auth_perm; Type: FK CONSTRAINT; Schema: public; Owner: alejo
--

ALTER TABLE ONLY public.auth_user_user_permissions
    ADD CONSTRAINT auth_user_user_permi_permission_id_1fbb5f2c_fk_auth_perm FOREIGN KEY (permission_id) REFERENCES public.auth_permission(id) DEFERRABLE INITIALLY DEFERRED;


--
-- Name: auth_user_user_permissions auth_user_user_permissions_user_id_a95ead1b_fk_auth_user_id; Type: FK CONSTRAINT; Schema: public; Owner: alejo
--

ALTER TABLE ONLY public.auth_user_user_permissions
    ADD CONSTRAINT auth_user_user_permissions_user_id_a95ead1b_fk_auth_user_id FOREIGN KEY (user_id) REFERENCES public.auth_user(id) DEFERRABLE INITIALLY DEFERRED;


--
-- Name: django_admin_log django_admin_log_content_type_id_c4bce8eb_fk_django_co; Type: FK CONSTRAINT; Schema: public; Owner: alejo
--

ALTER TABLE ONLY public.django_admin_log
    ADD CONSTRAINT django_admin_log_content_type_id_c4bce8eb_fk_django_co FOREIGN KEY (content_type_id) REFERENCES public.django_content_type(id) DEFERRABLE INITIALLY DEFERRED;


--
-- Name: django_admin_log django_admin_log_user_id_c564eba6_fk_auth_user_id; Type: FK CONSTRAINT; Schema: public; Owner: alejo
--

ALTER TABLE ONLY public.django_admin_log
    ADD CONSTRAINT django_admin_log_user_id_c564eba6_fk_auth_user_id FOREIGN KEY (user_id) REFERENCES public.auth_user(id) DEFERRABLE INITIALLY DEFERRED;


--
-- Name: producto_color producto_imagen_producto_id_id_2b0eb4e4_fk_producto_producto_id; Type: FK CONSTRAINT; Schema: public; Owner: alejo
--

ALTER TABLE ONLY public.producto_color
    ADD CONSTRAINT producto_imagen_producto_id_id_2b0eb4e4_fk_producto_producto_id FOREIGN KEY (producto_id_id) REFERENCES public.producto_producto(id) DEFERRABLE INITIALLY DEFERRED;


--
-- Name: producto_producto producto_producto_proveedor_id_id_c9dbda9d_fk_producto_; Type: FK CONSTRAINT; Schema: public; Owner: alejo
--

ALTER TABLE ONLY public.producto_producto
    ADD CONSTRAINT producto_producto_proveedor_id_id_c9dbda9d_fk_producto_ FOREIGN KEY (proveedor_id_id) REFERENCES public.producto_proveedor(id) DEFERRABLE INITIALLY DEFERRED;


--
-- Name: producto_producto producto_producto_subcategoria_id_82d39049_fk_producto_; Type: FK CONSTRAINT; Schema: public; Owner: alejo
--

ALTER TABLE ONLY public.producto_producto
    ADD CONSTRAINT producto_producto_subcategoria_id_82d39049_fk_producto_ FOREIGN KEY (subcategoria_id) REFERENCES public.producto_subcategoria(id) DEFERRABLE INITIALLY DEFERRED;


--
-- Name: producto_subcategoria producto_subcategori_categoria_id_6c2f68eb_fk_producto_; Type: FK CONSTRAINT; Schema: public; Owner: alejo
--

ALTER TABLE ONLY public.producto_subcategoria
    ADD CONSTRAINT producto_subcategori_categoria_id_6c2f68eb_fk_producto_ FOREIGN KEY (categoria_id) REFERENCES public.producto_categoria(id) DEFERRABLE INITIALLY DEFERRED;


--
-- PostgreSQL database dump complete
--

